t [s],Nodestring name [-],Mean wse [m],Discharge [m3/s],Wetted area [m2],Mean bottom elevation [m],Reference elevation [m],Wetted geometric length [m],Total water volume stored in cells [m3]
0.0,BC_brenta_1,0.0,0.0,0.0,0.0,0.0,0.0,0.0
0.0,BC_brenta_2,0.0,0.0,0.0,0.0,0.0,0.0,0.0
0.0,BC_brenta_vecchio_1,0.0,0.0,0.0,0.0,0.0,0.0,0.0
0.0,BC_brenta_vecchio_2,0.0,0.0,0.0,0.0,0.0,0.0,0.0
0.0,BC_brenta_vecchio_3,0.0,0.0,0.0,0.0,0.0,0.0,0.0
0.0,BC_caldonazzo,0.0,0.0,0.0,0.0,0.0,0.0,0.0
0.0,BC_centa,0.0,0.0,0.0,0.0,0.0,0.0,0.0
0.0,BC_levico,0.0,0.0,0.0,0.0,0.0,0.0,0.0
0.0,BC_valle,0.0,0.0,0.0,0.0,0.0,0.0,0.0
0.0,link_borgo_monte,0.0,0.0,0.0,0.0,0.0,0.0,0.0
0.0,link_borgo_valle,0.0,0.0,0.0,0.0,0.0,0.0,0.0
1200.0,BC_brenta_1,436.28717546543976,1.4999999999999998,1.6418973536052432,435.30853271484375,435.30853271484375,1.6777290309515922,1.6418040317664846
1200.0,BC_brenta_2,424.81136994939413,0.5,0.530688091182363,424.1551208496094,424.1551208496094,0.8086686768125422,0.2632326015663604
1200.0,BC_brenta_vecchio_1,403.1212310000743,1.5,0.9627531973515039,402.81927490234375,402.81927490234375,3.1883879960939217,1.9249124002770241
1200.0,BC_brenta_vecchio_2,389.6899152756007,0.9999999999999999,2.090413539860935,389.213933362032,389.1159973144531,4.3917919573620114,1.339045755501773
1200.0,BC_brenta_vecchio_3,386.12066023546544,0.49999999999999994,0.19935405815273646,385.99560546875,385.99560546875,1.5941340213473738,0.1982296367014489
1200.0,BC_caldonazzo,447.6981056748209,1.0,14.3120926208421,446.4002623213165,446.2763977050781,11.027596344502863,21.679166859225926
1200.0,BC_centa,443.3884327976911,3.999999999999999,5.1926200718199915,443.1876640319937,442.60003662109375,25.863684790706607,6.660861033958186
1200.0,BC_levico,440.6571424451986,1.0,2.7113253550496217,440.2900557133215,440.2107238769531,7.38606198373229,4.158744306097336
1200.0,BC_valle,2.2250738585072014e-308,0.0,0.0,2.2250738585072014e-308,365.88568115234375,0.0,0.0
1200.0,link_borgo_monte,2.2250738585072014e-308,0.0,0.0,2.2250738585072014e-308,381.3037109375,0.0,0.0
1200.0,link_borgo_valle,2.2250738585072014e-308,0.0,0.0,2.2250738585072014e-308,380.5992126464844,0.0,0.0
2400.0,BC_brenta_1,436.28724971199,1.4999999999999998,1.642021919198031,435.30853271484375,435.30853271484375,1.6777290309515922,1.6419285902792378
2400.0,BC_brenta_2,424.8118314441777,0.5,0.5310612875583443,424.1551208496094,424.1551208496094,0.8086686768125422,0.26341771492122357
2400.0,BC_brenta_vecchio_1,403.1213664132229,1.5,0.9631849470090077,402.81927490234375,402.81927490234375,3.1883879960939217,1.925775633213389
2400.0,BC_brenta_vecchio_2,389.6900522518624,0.9999999999999999,2.09101511110569,389.213933362032,389.1159973144531,4.3917919573620114,1.3393973960228946
2400.0,BC_brenta_vecchio_3,386.12090771646496,0.49999999999999994,0.19974857603370708,385.99560546875,385.99560546875,1.5941340213473738,0.1986219293738013
2400.0,BC_caldonazzo,448.02648276439174,1.0,17.933302613412206,446.4002623213165,446.2763977050781,11.027596344502863,27.137527847153763
2400.0,BC_centa,443.3886185592118,3.999999999999999,5.197424549236141,443.1876640319937,442.60003662109375,25.863684790706607,6.667741893243877
2400.0,BC_levico,440.6619692323414,1.0,2.746976304068773,440.2900557133215,440.2107238769531,7.38606198373229,4.215403915242019
2400.0,BC_valle,2.2250738585072014e-308,0.0,0.0,2.2250738585072014e-308,365.88568115234375,0.0,0.0
2400.0,link_borgo_monte,2.2250738585072014e-308,0.0,0.0,2.2250738585072014e-308,381.3037109375,0.0,0.0
2400.0,link_borgo_valle,380.8500486941014,0.0,1.07304987626968,380.64148218448184,380.5992126464844,5.1448810176998006,2.0649017646282366
3600.0,BC_brenta_1,436.28736349387833,1.4999999999999998,1.6422128143752799,435.30853271484375,435.30853271484375,1.6777290309515922,1.6421194746064243
3600.0,BC_brenta_2,424.81185965771886,0.5,0.5310841029653396,424.1551208496094,424.1551208496094,0.8086686768125422,0.26342903184926275
3600.0,BC_brenta_vecchio_1,403.1213654583924,1.5,0.9631819026390476,402.81927490234375,402.81927490234375,3.1883879960939217,1.9257695463517683
3600.0,BC_brenta_vecchio_2,389.6900575906302,0.9999999999999999,2.091038557862879,389.213933362032,389.1159973144531,4.3917919573620114,1.3394124328594996
3600.0,BC_brenta_vecchio_3,386.1209077846355,0.49999999999999994,0.19974868470670024,385.99560546875,385.99560546875,1.5941340213473738,0.1986220374338436
3600.0,BC_caldonazzo,448.1233378257168,1.0,19.001381133626918,446.4002623213165,446.2763977050781,11.027596344502863,28.747483589215463
3600.0,BC_centa,443.38860121081893,3.999999999999999,5.196975855872367,443.1876640319937,442.60003662109375,25.863684790706607,6.667267210654768
3600.0,BC_levico,440.66662886233166,1.0,2.781392619998404,440.2900557133215,440.2107238769531,7.38606198373229,4.270099623525125
3600.0,BC_valle,2.2250738585072014e-308,0.0,0.0,2.2250738585072014e-308,365.88568115234375,0.0,0.0
3600.0,link_borgo_monte,2.2250738585072014e-308,0.0,0.0,2.2250738585072014e-308,381.3037109375,0.0,0.0
3600.0,link_borgo_valle,380.9760335228295,0.0,1.72122683011104,380.64148218448184,380.5992126464844,5.1448810176998006,3.298769570059351
4800.0,BC_brenta_1,436.2871218252809,1.4999999999999998,1.6418073599536054,435.30853271484375,435.30853271484375,1.6777290309515922,1.6417140432298885
4800.0,BC_brenta_2,424.8120070372862,0.5,0.5312032842050592,424.1551208496094,424.1551208496094,0.8086686768125422,0.263488148283776
4800.0,BC_brenta_vecchio_1,403.1213613333748,1.5,0.963168750482277,402.81927490234375,402.81927490234375,3.1883879960939217,1.9257432501527758
4800.0,BC_brenta_vecchio_2,389.6899545011508,0.9999999999999999,2.0905858103165045,389.213933362032,389.1159973144531,4.3917919573620114,1.339144547024693
4800.0,BC_brenta_vecchio_3,386.1209080262389,0.49999999999999994,0.19974906985490332,385.99560546875,385.99560546875,1.5941340213473738,0.19862242040968606
4800.0,BC_caldonazzo,448.18189385127033,1.0,19.647113346969466,446.4002623213165,446.2763977050781,11.027596344502863,29.720819802856198
4800.0,BC_centa,443.38860077046587,3.999999999999999,5.19696446671993,443.1876640319937,442.60003662109375,25.863684790706607,6.667252951594179
4800.0,BC_levico,440.6682715917417,1.0,2.793525921243378,440.2900557133215,440.2107238769531,7.38606198373229,4.2893836932370215
4800.0,BC_valle,2.2250738585072014e-308,0.0,0.0,2.2250738585072014e-308,365.88568115234375,0.0,0.0
4800.0,link_borgo_monte,2.2250738585072014e-308,0.0,0.0,2.2250738585072014e-308,381.3037109375,0.0,0.0
4800.0,link_borgo_valle,380.9792247947008,0.0,1.7376455441840244,380.64148218448184,380.5992126464844,5.1448810176998006,3.3299898699700385
6000.0,BC_brenta_1,436.28714045911556,1.4999999999999998,1.6418386224788715,435.30853271484375,435.30853271484375,1.6777290309515922,1.641745303978261
6000.0,BC_brenta_2,424.8119368338346,0.5,0.5311465128727696,424.1551208496094,424.1551208496094,0.8086686768125422,0.2634599884932298
6000.0,BC_brenta_vecchio_1,403.1213670202848,1.5,0.9631868825579033,402.81927490234375,402.81927490234375,3.1883879960939217,1.9257795031169955
6000.0,BC_brenta_vecchio_2,389.6899034632087,0.9999999999999999,2.090361662292537,389.213933362032,389.1159973144531,4.3917919573620114,1.3390160253212806
6000.0,BC_brenta_vecchio_3,386.1209086550255,0.49999999999999994,0.1997500722250282,385.99560546875,385.99560546875,1.5941340213473738,0.1986234171261188
6000.0,BC_caldonazzo,448.21511309453643,1.0,20.013441752578167,446.4002623213165,446.2763977050781,11.027596344502863,30.273000438065605
6000.0,BC_centa,443.38860200716584,3.999999999999999,5.196996452337468,443.1876640319937,442.60003662109375,25.863684790706607,6.667294564039359
6000.0,BC_levico,440.6709426116931,1.0,2.81325424016394,440.2900557133215,440.2107238769531,7.38606198373229,4.3207418363436165
6000.0,BC_valle,2.2250738585072014e-308,0.0,0.0,2.2250738585072014e-308,365.88568115234375,0.0,0.0
6000.0,link_borgo_monte,2.2250738585072014e-308,0.0,0.0,2.2250738585072014e-308,381.3037109375,0.0,0.0
6000.0,link_borgo_valle,380.97945794429694,0.0,1.738845071115433,380.64148218448184,380.5992126464844,5.1448810176998006,3.332285418530562
7200.0,BC_brenta_1,436.2873433632237,1.4999999999999998,1.6421790405916377,435.30853271484375,435.30853271484375,1.6777290309515922,1.6420857027424096
7200.0,BC_brenta_2,424.8118674281532,0.5,0.5310903866722161,424.1551208496094,424.1551208496094,0.8086686768125422,0.2634321487017719
7200.0,BC_brenta_vecchio_1,403.1213617219722,1.5,0.9631699894816065,402.81927490234375,402.81927490234375,3.1883879960939217,1.9257457273870033
7200.0,BC_brenta_vecchio_2,389.68992856219364,0.9999999999999999,2.090471891812937,389.213933362032,389.1159973144531,4.3917919573620114,1.3390826747617528
7200.0,BC_brenta_vecchio_3,386.12090869174,0.49999999999999994,0.1997501307528332,385.99560546875,385.99560546875,1.5941340213473738,0.19862347532380806
7200.0,BC_caldonazzo,448.23320562191907,1.0,20.21295884140545,446.4002623213165,446.2763977050781,11.027596344502863,30.57374081082224
7200.0,BC_centa,443.3886038882238,3.999999999999999,5.197045103427662,443.1876640319937,442.60003662109375,25.863684790706607,6.6673419207153355
7200.0,BC_levico,440.6713870337526,1.0,2.8165367690426306,440.2900557133215,440.2107238769531,7.38606198373229,4.325955273658558
7200.0,BC_valle,366.20896112920576,-2.1668222845241707,1.3928711302662389,366.02276611326397,365.88568115234375,7.480711141597824,2.494141259065953
7200.0,link_borgo_monte,2.2250738585072014e-308,0.0,0.0,2.2250738585072014e-308,381.3037109375,0.0,0.0
7200.0,link_borgo_valle,380.97896520181746,0.0,1.7363099696861244,380.64148218448184,380.5992126464844,5.1448810176998006,3.3274621992026403
8400.0,BC_brenta_1,436.2871512773909,1.4999999999999998,1.64185677261343,435.30853271484375,435.30853271484375,1.6777290309515922,1.6417634530812062
8400.0,BC_brenta_2,424.8114444171059,0.5,0.5307483108883623,424.1551208496094,424.1551208496094,0.8086686768125422,0.2632624718237473
8400.0,BC_brenta_vecchio_1,403.1213642886095,1.5,0.963178172917184,402.81927490234375,402.81927490234375,3.1883879960939217,1.9257620892091853
8400.0,BC_brenta_vecchio_2,389.68997425942763,0.9999999999999999,2.090672584557726,389.213933362032,389.1159973144531,4.3917919573620114,1.3392008916359341
8400.0,BC_brenta_vecchio_3,386.120908686132,0.49999999999999994,0.19975012181292776,385.99560546875,385.99560546875,1.5941340213473738,0.19862346643432655
8400.0,BC_caldonazzo,448.2516948573882,1.0,20.416850666877064,446.4002623213165,446.2763977050781,11.027596344502863,30.88107593698119
8400.0,BC_centa,443.38971175457147,3.999999999999999,5.225698609433961,443.1876640319937,442.60003662109375,25.863684790706607,6.69776703060773
8400.0,BC_levico,440.6713871161411,1.0,2.816537377569106,440.2900557133215,440.2107238769531,7.38606198373229,4.325957178536671
8400.0,BC_valle,366.2102054918205,-2.194068143691324,1.4021798475420832,366.02276611326397,365.88568115234375,7.480711141597824,2.511157695800088
8400.0,link_borgo_monte,2.2250738585072014e-308,0.0,0.0,2.2250738585072014e-308,381.3037109375,0.0,0.0
8400.0,link_borgo_valle,380.97913476940334,0.0,1.73718237473997,380.64148218448184,380.5992126464844,5.1448810176998006,3.3291069136821516
9600.0,BC_brenta_1,436.2873445539256,1.4999999999999998,1.6421810382667494,435.30853271484375,435.30853271484375,1.6777290309515922,1.6420877003039778
9600.0,BC_brenta_2,424.8119998254666,0.5,0.5311974522324515,424.1551208496094,424.1551208496094,0.8086686768125422,0.26348525550109003
9600.0,BC_brenta_vecchio_1,403.12136702775894,1.5,0.9631869063880968,402.81927490234375,402.81927490234375,3.1883879960939217,1.9257795507626796
9600.0,BC_brenta_vecchio_2,389.6899814940084,0.9999999999999999,2.090704357331158,389.213933362032,389.1159973144531,4.3917919573620114,1.3392161806856109
9600.0,BC_brenta_vecchio_3,386.1209086784438,0.49999999999999994,0.19975010955692876,385.99560546875,385.99560546875,1.5941340213473738,0.19862345424745534
9600.0,BC_caldonazzo,448.26224753382246,1.0,20.533221322948496,446.4002623213165,446.2763977050781,11.027596344502863,31.056483750490337
9600.0,BC_centa,443.3886018690561,3.999999999999999,5.196992880311592,443.1876640319937,442.60003662109375,25.863684790706607,6.667292122198131
9600.0,BC_levico,440.67138750078647,1.0,2.8165402185836514,440.2900557133215,440.2107238769531,7.38606198373229,4.325962992772264
9600.0,BC_valle,366.21150398508166,-2.221901162127724,1.4118935005485052,366.02276611326397,365.88568115234375,7.480711141597824,2.5289199972008034
9600.0,link_borgo_monte,2.2250738585072014e-308,0.0,0.0,2.2250738585072014e-308,381.3037109375,0.0,0.0
9600.0,link_borgo_valle,380.97901635634634,0.0,1.7365731536507123,380.64148218448184,380.5992126464844,5.1448810176998006,3.32795231085785
10800.0,BC_brenta_1,436.28699178370715,1.4999999999999998,1.6415891854299913,435.30853271484375,435.30853271484375,1.6777290309515922,1.641495881106835
10800.0,BC_brenta_2,424.8119577460702,0.5,0.5311634239426486,424.1551208496094,424.1551208496094,0.8086686768125422,0.26346837674424484
10800.0,BC_brenta_vecchio_1,403.12136172749507,1.5,0.9631700070905942,402.81927490234375,402.81927490234375,3.1883879960939217,1.9257457625941148
10800.0,BC_brenta_vecchio_2,389.689954579221,0.9999999999999999,2.090586153184587,389.213933362032,389.1159973144531,4.3917919573620114,1.3391473180085833
10800.0,BC_brenta_vecchio_3,386.12090866928185,0.49999999999999994,0.19975009495152798,385.99560546875,385.99560546875,1.5941340213473738,0.19862343972443378
10800.0,BC_caldonazzo,448.2688734249082,1.0,20.60628897526507,446.4002623213165,446.2763977050781,11.027596344502863,31.166621330323835
10800.0,BC_centa,443.38860108713504,3.999999999999999,5.196972656951227,443.1876640319937,442.60003662109375,25.863684790706607,6.667264910209198
10800.0,BC_levico,440.6713942759582,1.0,2.8165902604220903,440.2900557133215,440.2107238769531,7.38606198373229,4.326039184442088
10800.0,BC_valle,366.2119852860731,-2.2312134189207256,1.4154939742374615,366.02276611326397,365.88568115234375,7.480711141597824,2.535523663004715
10800.0,link_borgo_monte,2.2250738585072014e-308,0.0,0.0,2.2250738585072014e-308,381.3037109375,0.0,0.0
10800.0,link_borgo_valle,380.9795174543632,0.0,1.7391512433257517,380.64148218448184,380.5992126464844,5.1448810176998006,3.332873056485499
12000.0,BC_brenta_1,436.28680530797084,1.4999999999999998,1.6412763296736097,435.30853271484375,435.30853271484375,1.6777290309515922,1.6411830431324872
12000.0,BC_brenta_2,424.8118128617297,0.5,0.5310462605147255,424.1551208496094,424.1551208496094,0.8086686768125422,0.26341026118738
12000.0,BC_brenta_vecchio_1,403.1213641421482,1.5,0.9631777059416313,402.81927490234375,402.81927490234375,3.1883879960939217,1.925761155546192
12000.0,BC_brenta_vecchio_2,389.6900636612365,0.9999999999999999,2.0910652187026786,389.213933362032,389.1159973144531,4.3917919573620114,1.3394310070667534
12000.0,BC_brenta_vecchio_3,386.1209147544683,0.49999999999999994,0.19975979555426118,385.99560546875,385.99560546875,1.5941340213473738,0.1986330856126259
12000.0,BC_caldonazzo,448.2716131913794,1.0,20.636502013987172,446.4002623213165,446.2763977050781,11.027596344502863,31.2121626561845
12000.0,BC_centa,443.3895425045751,3.999999999999999,5.221321180875672,443.1876640319937,442.60003662109375,25.863684790706607,6.693164531924942
12000.0,BC_levico,440.6713910952633,1.0,2.816566767612183,440.2900557133215,440.2107238769531,7.38606198373229,4.326005577509371
12000.0,BC_valle,366.2111887330524,-2.2117050082100205,1.4095351911807137,366.02276611326397,365.88568115234375,7.480711141597824,2.5246377990875666
12000.0,link_borgo_monte,2.2250738585072014e-308,0.0,0.0,2.2250738585072014e-308,381.3037109375,0.0,0.0
12000.0,link_borgo_valle,380.9792155693656,0.0,1.7375980809319556,380.64148218448184,380.5992126464844,5.1448810176998006,3.3299263312709755
13200.0,BC_brenta_1,436.28740587863706,1.4999999999999998,1.6422839245154686,435.30853271484375,435.30853271484375,1.6777290309515922,1.642190580704869
13200.0,BC_brenta_2,424.8119691559861,0.5,0.5311726507842758,424.1551208496094,424.1551208496094,0.8086686768125422,0.2634729534543051
13200.0,BC_brenta_vecchio_1,403.12136747277515,1.5,0.9631883252726274,402.81927490234375,402.81927490234375,3.1883879960939217,1.9257823876563251
13200.0,BC_brenta_vecchio_2,389.69009774892226,0.9999999999999999,2.0912149247268186,389.213933362032,389.1159973144531,4.3917919573620114,1.3395143748602956
13200.0,BC_brenta_vecchio_3,386.1209160274072,0.49999999999999994,0.1997618247893825,385.99560546875,385.99560546875,1.5941340213473738,0.19863510340220394
13200.0,BC_caldonazzo,448.2730147033827,1.0,20.65195732263193,446.4002623213165,446.2763977050781,11.027596344502863,31.23545883735255
13200.0,BC_centa,443.3886054735696,3.999999999999999,5.197086106312814,443.1876640319937,442.60003662109375,25.863684790706607,6.667433702804259
13200.0,BC_levico,440.6713897693145,1.0,2.816556974071862,440.2900557133215,440.2107238769531,7.38606198373229,4.325987107365755
13200.0,BC_valle,366.2097029831616,-2.177694289845913,1.3984207254188041,366.02276611326397,365.88568115234375,7.480711141597824,2.504298611549234
13200.0,link_borgo_monte,2.2250738585072014e-308,0.0,0.0,2.2250738585072014e-308,381.3037109375,0.0,0.0
13200.0,link_borgo_valle,380.97894559940966,0.0,1.7362091176303942,380.64148218448184,380.5992126464844,5.1448810176998006,3.3272662110208233
14400.0,BC_brenta_1,436.2870867726682,1.4999999999999998,1.641748551167569,435.30853271484375,435.30853271484375,1.6777290309515922,1.641655237786414
14400.0,BC_brenta_2,424.81148663073986,0.5,0.5307824477318693,424.1551208496094,424.1551208496094,0.8086686768125422,0.2632794044255428
14400.0,BC_brenta_vecchio_1,403.1213707975953,1.5,0.9631989260895288,402.81927490234375,402.81927490234375,3.1883879960939217,1.9258035827496913
14400.0,BC_brenta_vecchio_2,389.69009208433204,0.9999999999999999,2.091190047025209,389.213933362032,389.1159973144531,4.3917919573620114,1.339499454253064
14400.0,BC_brenta_vecchio_3,386.120915985159,0.49999999999999994,0.19976175744019778,385.99560546875,385.99560546875,1.5941340213473738,0.19863503643289043
14400.0,BC_caldonazzo,448.27377733190474,1.0,20.66036728213333,446.4002623213165,446.2763977050781,11.027596344502863,31.24813554271138
14400.0,BC_centa,443.3896868614106,3.999999999999999,5.225054780567648,443.1876640319937,442.60003662109375,25.863684790706607,6.6971280021444315
14400.0,BC_levico,440.6713750896667,1.0,2.8164485492840567,440.2900557133215,440.2107238769531,7.38606198373229,4.325814296227154
14400.0,BC_valle,366.2083909030378,-2.148953308012208,1.3886054330182944,366.02276611326397,365.88568115234375,7.480711141597824,2.486321050928557
14400.0,link_borgo_monte,2.2250738585072014e-308,0.0,0.0,2.2250738585072014e-308,381.3037109375,0.0,0.0
14400.0,link_borgo_valle,380.97894195258164,0.0,1.736190355134225,380.64148218448184,380.5992126464844,5.1448810176998006,3.327228216759941
15600.0,BC_brenta_1,436.28714628329976,1.4999999999999998,1.641848393881785,435.30853271484375,435.30853271484375,1.6777290309515922,1.6417550748257896
15600.0,BC_brenta_2,424.81161849639267,0.5,0.5308890833547936,424.1551208496094,424.1551208496094,0.8086686768125422,0.2633322979667931
15600.0,BC_brenta_vecchio_1,403.1213657836254,1.5,0.9631829396077791,402.81927490234375,402.81927490234375,3.1883879960939217,1.9257716196494477
15600.0,BC_brenta_vecchio_2,389.6901173135215,0.9999999999999999,2.091300848376549,389.213933362032,389.1159973144531,4.3917919573620114,1.3395660660367426
15600.0,BC_brenta_vecchio_3,386.12091603261797,0.49999999999999994,0.1997618330962444,385.99560546875,385.99560546875,1.5941340213473738,0.19863511166221245
15600.0,BC_caldonazzo,448.2737210402611,1.0,20.659746520609307,446.4002623213165,446.2763977050781,11.027596344502863,31.247199847967426
15600.0,BC_centa,443.3897346365775,3.999999999999999,5.226290422425604,443.1876640319937,442.60003662109375,25.863684790706607,6.698436284162697
15600.0,BC_levico,440.67138627510934,1.0,2.8165311656563734,440.2900557133215,440.2107238769531,7.38606198373229,4.325945516962961
15600.0,BC_valle,366.2078008355807,-2.1374854254468705,1.3841913088175748,366.02276611326397,365.88568115234375,7.480711141597824,2.478234760863536
15600.0,link_borgo_monte,2.2250738585072014e-308,0.0,0.0,2.2250738585072014e-308,381.3037109375,0.0,0.0
15600.0,link_borgo_valle,380.9795249728399,0.0,1.7391899249938678,380.64148218448184,380.5992126464844,5.1448810176998006,3.332945034433933
16800.0,BC_brenta_1,436.28732431763433,1.4999999999999998,1.6421470872533945,435.30853271484375,435.30853271484375,1.6777290309515922,1.6420537512203242
16800.0,BC_brenta_2,424.8118709016317,0.5,0.5310931955654788,424.1551208496094,424.1551208496094,0.8086686768125422,0.2634335419726845
16800.0,BC_brenta_vecchio_1,403.12136675823194,1.5,0.9631860470316498,402.81927490234375,402.81927490234375,3.1883879960939217,1.9257778325799868
16800.0,BC_brenta_vecchio_2,389.69011727834015,0.9999999999999999,2.091300693867433,389.213933362032,389.1159973144531,4.3917919573620114,1.3395658866515132
16800.0,BC_brenta_vecchio_3,386.12091601427437,0.49999999999999994,0.1997618038539991,385.99560546875,385.99560546875,1.5941340213473738,0.1986350825849029
16800.0,BC_caldonazzo,448.27391325356433,1.0,20.66186617132975,446.4002623213165,446.2763977050781,11.027596344502863,31.250395086126698
16800.0,BC_centa,443.3897489683174,3.999999999999999,5.2266610940282545,443.1876640319937,442.60003662109375,25.863684790706607,6.698828759339381
16800.0,BC_levico,440.6713918055394,1.0,2.816572013755267,440.2900557133215,440.2107238769531,7.38606198373229,4.326009969557201
16800.0,BC_valle,366.2079274179132,-2.142242349922972,1.3851382346824324,366.02276611326397,365.88568115234375,7.480711141597824,2.479978290766058
16800.0,link_borgo_monte,381.6393024863168,2.5349574650129783,1.5745689339999407,381.3572886258648,381.3037109375,5.583303357772515,2.3050464537430195
16800.0,link_borgo_valle,381.37370988294896,2.534957465012978,3.7672243864776678,380.64148218448184,380.5992126464844,5.1448810176998006,7.1748543209371896
18000.0,BC_brenta_1,436.2874113002699,1.4999999999999998,1.6422930205463189,435.30853271484375,435.30853271484375,1.6777290309515922,1.6421996762187208
18000.0,BC_brenta_2,424.8114387188028,0.5,0.5307437028491009,424.1551208496094,424.1551208496094,0.8086686768125422,0.2632601861380817
18000.0,BC_brenta_vecchio_1,403.121370906924,1.5,0.963199274671693,402.81927490234375,402.81927490234375,3.1883879960939217,1.9258042796989534
18000.0,BC_brenta_vecchio_2,389.690103242048,0.9999999999999999,2.0912390493922905,389.213933362032,389.1159973144531,4.3917919573620114,1.339530648230034
18000.0,BC_brenta_vecchio_3,386.12091599963463,0.49999999999999994,0.1997617805162036,385.99560546875,385.99560546875,1.5941340213473738,0.1986350593787401
18000.0,BC_caldonazzo,448.2740593697781,1.0,20.663477481954953,446.4002623213165,446.2763977050781,11.027596344502863,31.25282368360255
18000.0,BC_centa,443.3897526040965,3.999999999999999,5.226755128672907,443.1876640319937,442.60003662109375,25.863684790706607,6.698929520759121
18000.0,BC_levico,440.67138895965724,1.0,2.816550993893733,440.2900557133215,440.2107238769531,7.38606198373229,4.325976912488181
18000.0,BC_valle,366.6696049784885,-9.214069528102865,4.879669715989848,366.22443740898825,365.88568115234375,10.961422283001053,8.615746746179202
18000.0,link_borgo_monte,381.6611698989612,2.9088772034339927,1.6966613324434476,381.3572886258648,381.3037109375,5.583303357772515,2.4837802290540205
18000.0,link_borgo_valle,381.4319385944101,2.9088772034339927,4.066804178759134,380.64148218448184,380.5992126464844,5.1448810176998006,7.743453783560745
19200.0,BC_brenta_1,436.28737966507356,1.4999999999999998,1.6422399452590735,435.30853271484375,435.30853271484375,1.6777290309515922,1.6421466039481578
19200.0,BC_brenta_2,424.81148214921063,0.5,0.5307788236595099,424.1551208496094,424.1551208496094,0.8086686768125422,0.26327760680842777
19200.0,BC_brenta_vecchio_1,403.12136638761274,1.5,0.9631848653538265,402.81927490234375,402.81927490234375,3.1883879960939217,1.9257754699534058
19200.0,BC_brenta_vecchio_2,389.6900662631537,0.9999999999999999,2.0910766457821084,389.213933362032,389.1159973144531,4.3917919573620114,1.3394310230951139
19200.0,BC_brenta_vecchio_3,386.1209160462974,0.49999999999999994,0.19976185490308213,385.99560546875,385.99560546875,1.5941340213473738,0.19863513334605254
19200.0,BC_caldonazzo,448.27411444456686,1.0,20.664084824494722,446.4002623213165,446.2763977050781,11.027596344502863,31.253739077068623
19200.0,BC_centa,443.38975395930055,3.999999999999999,5.226790179243795,443.1876640319937,442.60003662109375,25.863684790706607,6.6989704128496745
19200.0,BC_levico,440.6713916647321,1.0,2.8165709737441142,440.2900557133215,440.2107238769531,7.38606198373229,4.326010843431318
19200.0,BC_valle,366.79043928071076,-10.073479556733927,5.3864504642227695,366.43041665971487,365.88568115234375,14.961422283195647,9.405816474653967
19200.0,link_borgo_monte,381.6709035790751,3.075273729081843,1.7510074213070628,381.3572886258648,381.3037109375,5.583303357772515,2.563338676261326
19200.0,link_borgo_valle,381.4531430703421,3.0752737290818426,4.175898684471802,380.64148218448184,380.5992126464844,5.1448810176998006,7.950430971208007
20400.0,BC_brenta_1,436.2874508399256,1.4999999999999998,1.642359357374541,435.30853271484375,435.30853271484375,1.6777290309515922,1.6422660092765031
20400.0,BC_brenta_2,424.8117084594846,0.5,0.53096183368929,424.1551208496094,424.1551208496094,0.8086686768125422,0.2633683836829274
20400.0,BC_brenta_vecchio_1,403.12136610982344,1.5,0.9631839796537655,402.81927490234375,402.81927490234375,3.1883879960939217,1.9257736990997383
20400.0,BC_brenta_vecchio_2,389.69010803810716,0.9999999999999999,2.0912601126865313,389.213933362032,389.1159973144531,4.3917919573620114,1.3395416176383452
20400.0,BC_brenta_vecchio_3,386.12091599890306,0.49999999999999994,0.19976177935006592,385.99560546875,385.99560546875,1.5941340213473738,0.19863505821917984
20400.0,BC_caldonazzo,448.27414656068584,1.0,20.664438988090424,446.4002623213165,446.2763977050781,11.027596344502863,31.254272991840526
20400.0,BC_centa,443.38975427592226,3.999999999999999,5.226798368246572,443.1876640319937,442.60003662109375,25.863684790706607,6.698979631299277
20400.0,BC_levico,440.671386401048,1.0,2.816532095846867,440.2900557133215,440.2107238769531,7.38606198373229,4.3259472055640344
20400.0,BC_valle,366.80316182910286,-10.475439830958829,5.576797883236242,366.43041665971487,365.88568115234375,14.961422283195647,9.71575826905513
20400.0,link_borgo_monte,381.67595146588377,3.1615487293116837,1.7791913046754462,381.3572886258648,381.3037109375,5.583303357772515,2.6045976894478593
20400.0,link_borgo_valle,381.4644067721666,3.1615487293116837,4.233849090177832,380.64148218448184,380.5992126464844,5.1448810176998006,8.060393855980173
21600.0,BC_brenta_1,436.2873324926245,1.4999999999999998,1.6421608026717323,435.30853271484375,435.30853271484375,1.6777290309515922,1.6420674658591075
21600.0,BC_brenta_2,424.8114416367784,0.5,0.5307460625245395,424.1551208496094,424.1551208496094,0.8086686768125422,0.26326135658738115
21600.0,BC_brenta_vecchio_1,403.12137083788735,1.5,0.9631990545559926,402.81927490234375,402.81927490234375,3.1883879960939217,1.9258038396033585
21600.0,BC_brenta_vecchio_2,389.6901057955053,0.9999999999999999,2.0912502636459025,389.213933362032,389.1159973144531,4.3917919573620114,1.3395363207655897
21600.0,BC_brenta_vecchio_3,386.1209160287534,0.49999999999999994,0.19976182693553252,385.99560546875,385.99560546875,1.5941340213473738,0.19863510553624897
21600.0,BC_caldonazzo,448.27416488845824,1.0,20.664641099366197,446.4002623213165,446.2763977050781,11.027596344502863,31.25457769467755
21600.0,BC_centa,443.3897543333057,3.999999999999999,5.226799852394472,443.1876640319937,442.60003662109375,25.863684790706607,6.6989812703126015
21600.0,BC_levico,440.6713839305722,1.0,2.8165138487595516,440.2900557133215,440.2107238769531,7.38606198373229,4.325921224650548
21600.0,BC_valle,366.81088158757177,-10.720093689496096,5.692296449614002,366.43041665971487,365.88568115234375,14.961422283195647,9.903310992484293
21600.0,link_borgo_monte,381.6799249802535,3.229486165941986,1.8013766407980447,381.3572886258648,381.3037109375,5.583303357772515,2.6370752960170374
21600.0,link_borgo_valle,381.4737906897642,3.2294861659419865,4.282128229697523,380.64148218448184,380.5992126464844,5.1448810176998006,8.152009849105937
22800.0,BC_brenta_1,436.28741139672,1.4999999999999998,1.642293182363442,435.30853271484375,435.30853271484375,1.6777290309515922,1.6421998380266463
22800.0,BC_brenta_2,424.81167055224074,0.5,0.5309311792886211,424.1551208496094,424.1551208496094,0.8086686768125422,0.26335317844698647
22800.0,BC_brenta_vecchio_1,403.12136707939584,1.5,0.9631870710267588,402.81927490234375,402.81927490234375,3.1883879960939217,1.925779879938426
22800.0,BC_brenta_vecchio_2,389.69010976933566,0.9999999999999999,2.09126771588183,389.213933362032,389.1159973144531,4.3917919573620114,1.339546598818486
22800.0,BC_brenta_vecchio_3,386.1209160275354,0.49999999999999994,0.19976182499381226,385.99560546875,385.99560546875,1.5941340213473738,0.19863510360548065
22800.0,BC_caldonazzo,448.27418175074433,1.0,20.664827049850413,446.4002623213165,446.2763977050781,11.027596344502863,31.254858065599127
22800.0,BC_centa,443.3897539943278,3.999999999999999,5.226791085177881,443.1876640319937,442.60003662109375,25.863684790706607,6.698969702329844
22800.0,BC_levico,440.6713825037363,1.0,2.8165033100613526,440.2900557133215,440.2107238769531,7.38606198373229,4.3259022673905845
22800.0,BC_valle,366.8162353295844,-10.886542294209281,5.772396044659403,366.43041665971487,365.88568115234375,14.961422283195647,10.03278711949127
22800.0,link_borgo_monte,381.68260904701276,3.275404765933429,1.8163625997474078,381.3572886258648,381.3037109375,5.583303357772515,2.6590135743523153
22800.0,link_borgo_valle,381.4789178333052,3.2754047659334296,4.308506773176544,380.64148218448184,380.5992126464844,5.1448810176998006,8.202044094605439
24000.0,BC_brenta_1,436.2877275746393,1.4999999999999998,1.6428236432375534,435.30853271484375,435.30853271484375,1.6777290309515922,1.642730268750527
24000.0,BC_brenta_2,424.81170828958545,0.5,0.53096169629719,424.1551208496094,424.1551208496094,0.8086686768125422,0.26336831553351825
24000.0,BC_brenta_vecchio_1,403.12136572826614,1.5,0.9631827631008705,402.81927490234375,402.81927490234375,3.1883879960939217,1.9257712667445308
24000.0,BC_brenta_vecchio_2,389.6900750932035,0.9999999999999999,2.0911154255234714,389.213933362032,389.1159973144531,4.3917919573620114,1.3394578700306239
24000.0,BC_brenta_vecchio_3,386.1209159993636,0.49999999999999994,0.199761780084237,385.99560546875,385.99560546875,1.5941340213473738,0.19863505894920994
24000.0,BC_caldonazzo,448.2741998928409,1.0,20.665027113568353,446.4002623213165,446.2763977050781,11.027596344502863,31.255159631488993
24000.0,BC_centa,443.38975368274015,3.999999999999999,5.226783026373349,443.1876640319937,442.60003662109375,25.863684790706607,6.6989589455920635
24000.0,BC_levico,440.67138120023077,1.0,2.8164936822887094,440.2900557133215,440.2107238769531,7.38606198373229,4.325887852676988
24000.0,BC_valle,366.81857496693755,-10.959455726827642,5.807400347089911,366.43041665971487,365.88568115234375,14.961422283195647,10.089391166788884
24000.0,link_borgo_monte,381.6834179898206,3.289197100642453,1.8208791728429796,381.3572886258648,381.3037109375,5.583303357772515,2.665625486077624
24000.0,link_borgo_valle,381.4813246736552,3.289197100642453,4.320889680405791,380.64148218448184,380.5992126464844,5.1448810176998006,8.225557156973592
25200.0,BC_brenta_1,436.28709602426824,1.4999999999999998,1.641764072845528,435.30853271484375,435.30853271484375,1.6777290309515922,1.641670758582155
25200.0,BC_brenta_2,424.81186900003155,0.5,0.5310916578009843,424.1551208496094,424.1551208496094,0.8086686768125422,0.2634327792087272
25200.0,BC_brenta_vecchio_1,403.1213706979138,1.5,0.9631986082659577,402.81927490234375,402.81927490234375,3.1883879960939217,1.9258029472986382
25200.0,BC_brenta_vecchio_2,389.690073929069,0.9999999999999999,2.0911103128870807,389.213933362032,389.1159973144531,4.3917919573620114,1.339450927581711
25200.0,BC_brenta_vecchio_3,386.1209160525067,0.49999999999999994,0.19976186480143332,385.99560546875,385.99560546875,1.5941340213473738,0.19863514318857384
25200.0,BC_caldonazzo,448.2741991649676,1.0,20.665019086875166,446.4002623213165,446.2763977050781,11.027596344502863,31.255147499082984
25200.0,BC_centa,443.3897536238484,3.999999999999999,5.226781503213664,443.1876640319937,442.60003662109375,25.863684790706607,6.6989570038242245
25200.0,BC_levico,440.6713849575515,1.0,2.8165214340925053,440.2900557133215,440.2107238769531,7.38606198373229,4.325933807885419
25200.0,BC_valle,366.8199762237492,-11.004549047952388,5.82836514197581,366.43041665971487,365.88568115234375,14.961422283195647,10.12341893624858
25200.0,link_borgo_monte,381.6837499831097,3.2948704238943076,1.822732792088561,381.3572886258648,381.3037109375,5.583303357772515,2.6683390404837586
25200.0,link_borgo_valle,381.48184914272167,3.2948704238943076,4.3235880113502265,380.64148218448184,380.5992126464844,5.1448810176998006,8.230672986076312
26400.0,BC_brenta_1,436.28701289046313,1.4999999999999998,1.6416245968472487,435.30853271484375,435.30853271484375,1.6777290309515922,1.641531290511385
26400.0,BC_brenta_2,424.81184822900866,0.5,0.5310748609254344,424.1551208496094,424.1551208496094,0.8086686768125422,0.2634244476005328
26400.0,BC_brenta_vecchio_1,403.12136757584324,1.5,0.9631886538936857,402.81927490234375,402.81927490234375,3.1883879960939217,1.9257830446956907
26400.0,BC_brenta_vecchio_2,389.6900924559289,0.9999999999999999,2.09119167900139,389.213933362032,389.1159973144531,4.3917919573620114,1.3394997917774942
26400.0,BC_brenta_vecchio_3,386.12091601873004,0.49999999999999994,0.19976181095693646,385.99560546875,385.99560546875,1.5941340213473738,0.19863508964777737
26400.0,BC_caldonazzo,448.2741780723892,1.0,20.664786486434753,446.4002623213165,446.2763977050781,11.027596344502863,31.254796870070084
26400.0,BC_centa,443.3895633487032,3.999999999999999,5.221860286836071,443.1876640319937,442.60003662109375,25.863684790706607,6.693732821297988
26400.0,BC_levico,440.6714021329894,1.0,2.8166482929414216,440.2900557133215,440.2107238769531,7.38606198373229,4.326133131960014
26400.0,BC_valle,366.8204164441024,-11.018725785118543,5.8349514645782765,366.43041665971487,365.88568115234375,14.961422283195647,10.134093023779856
26400.0,link_borgo_monte,381.6839133365721,3.2976802426114995,1.823644844023832,381.3572886258648,381.3037109375,5.583303357772515,2.669674213580109
26400.0,link_borgo_valle,381.4824335974241,3.2976802426114995,4.326594961254693,380.64148218448184,380.5992126464844,5.1448810176998006,8.236382989615159
27600.0,BC_brenta_1,436.28737488347593,1.4999999999999998,1.6422319230338291,435.30853271484375,435.30853271484375,1.6777290309515922,1.6421385821788792
27600.0,BC_brenta_2,424.8116735260765,0.5,0.5309335841364063,424.1551208496094,424.1551208496094,0.8086686768125422,0.26335437130273237
27600.0,BC_brenta_vecchio_1,403.12136540870733,1.5,0.9631817442235847,402.81927490234375,402.81927490234375,3.1883879960939217,1.9257692296185809
27600.0,BC_brenta_vecchio_2,389.6900997637077,0.9999999999999999,2.0912237732454537,389.213933362032,389.1159973144531,4.3917919573620114,1.339520925534126
27600.0,BC_brenta_vecchio_3,386.12091600893604,0.49999999999999994,0.1997617953439761,385.99560546875,385.99560546875,1.5941340213473738,0.19863507412287915
27600.0,BC_caldonazzo,448.2741729897054,1.0,20.66473043664953,446.4002623213165,446.2763977050781,11.027596344502863,31.254712318466982
27600.0,BC_centa,443.388698323039,3.999999999999999,5.199487535722501,443.1876640319937,442.60003662109375,25.863684790706607,6.669980671685883
27600.0,BC_levico,440.67138458821483,1.0,2.8165187061488237,440.2900557133215,440.2107238769531,7.38606198373229,4.325928249647754
27600.0,BC_valle,366.82058296123637,-11.024154138423972,5.837442797736402,366.43041665971487,365.88568115234375,14.961422283195647,10.138150121196134
27600.0,link_borgo_monte,381.68379322989665,3.2956169512543507,1.8229742520191774,381.3572886258648,381.3037109375,5.583303357772515,2.6686925190420925
27600.0,link_borgo_valle,381.48212267386094,3.2956169512543503,4.324995296516437,380.64148218448184,380.5992126464844,5.1448810176998006,8.233339364852968
28800.0,BC_brenta_1,436.2871864203646,1.4999999999999998,1.6419157330006897,435.30853271484375,435.30853271484375,1.6777290309515922,1.641822410117287
28800.0,BC_brenta_2,424.81159904064634,0.5,0.5308733501021557,424.1551208496094,424.1551208496094,0.8086686768125422,0.2633244939382276
28800.0,BC_brenta_vecchio_1,403.1213704690245,1.5,0.9631978784782694,402.81927490234375,402.81927490234375,3.1883879960939217,1.9258014881735221
28800.0,BC_brenta_vecchio_2,389.69009007127653,0.9999999999999999,2.091181206104144,389.213933362032,389.1159973144531,4.3917919573620114,1.339496614312038
28800.0,BC_brenta_vecchio_3,386.120916045116,0.49999999999999994,0.1997618530197186,385.99560546875,385.99560546875,1.5941340213473738,0.1986351314733118
28800.0,BC_caldonazzo,448.2741480690734,1.0,20.66445562197995,446.4002623213165,446.2763977050781,11.027596344502863,31.254298307879566
28800.0,BC_centa,443.38863228058784,3.999999999999999,5.197779434582641,443.1876640319937,442.60003662109375,25.863684790706607,6.668169533215798
28800.0,BC_levico,440.67138947083464,1.0,2.8165547694816784,440.2900557133215,440.2107238769531,7.38606198373229,4.3259860335268705
28800.0,BC_valle,366.8207035978273,-11.02736670530044,5.839247692716097,366.43041665971487,365.88568115234375,14.961422283195647,10.141031167955504
28800.0,link_borgo_monte,381.68402027763165,3.2995435253330347,1.8242419284003317,381.3572886258648,381.3037109375,5.583303357772515,2.670548298667727
28800.0,link_borgo_valle,381.4823520702315,3.2995435253330347,4.32617551354918,380.64148218448184,380.5992126464844,5.1448810176998006,8.235579854692334
30000.0,BC_brenta_1,436.28661292486504,1.4999999999999998,1.6409535629519478,435.30853271484375,435.30853271484375,1.6777290309515922,1.6408602947561768
30000.0,BC_brenta_2,424.8119812124687,0.5,0.5311824004840637,424.1551208496094,424.1551208496094,0.8086686768125422,0.2634777895131546
30000.0,BC_brenta_vecchio_1,403.1213680692626,1.5,0.9631902271060178,402.81927490234375,402.81927490234375,3.1883879960939217,1.9257861901497224
30000.0,BC_brenta_vecchio_2,389.6900477412948,0.9999999999999999,2.0909953016309375,389.213933362032,389.1159973144531,4.3917919573620114,1.3393835323314298
30000.0,BC_brenta_vecchio_3,386.12091599321514,0.49999999999999994,0.19976177028275433,385.99560546875,385.99560546875,1.5941340213473738,0.1986350492030108
30000.0,BC_caldonazzo,448.2741783625639,1.0,20.66478968636388,446.4002623213165,446.2763977050781,11.027596344502863,31.254801739516658
30000.0,BC_centa,443.3886118776377,3.999999999999999,5.1972517391103,443.1876640319937,442.60003662109375,25.863684790706607,6.667609668132004
30000.0,BC_levico,440.671385258081,1.0,2.816523653821967,440.2900557133215,440.2107238769531,7.38606198373229,4.325936605642597
30000.0,BC_valle,366.8207678029004,-11.030216351520432,5.84020829192685,366.43041665971487,365.88568115234375,14.961422283195647,10.142626982931526
30000.0,link_borgo_monte,381.68409979048033,3.3008529154172264,1.8246858727557234,381.3572886258648,381.3037109375,5.583303357772515,2.671198198675252
30000.0,link_borgo_valle,381.4828238363335,3.3008529154172264,4.328602694012195,380.64148218448184,380.5992126464844,5.1448810176998006,8.24019293865477
31200.0,BC_brenta_1,436.28741191096435,1.4999999999999998,1.6422940451260906,435.30853271484375,435.30853271484375,1.6777290309515922,1.6422007007402573
31200.0,BC_brenta_2,424.8114934244655,0.5,0.5307879416048833,424.1551208496094,424.1551208496094,0.8086686768125422,0.2632821295036257
31200.0,BC_brenta_vecchio_1,403.1213651654484,1.5,0.9631809686196152,402.81927490234375,402.81927490234375,3.1883879960939217,1.9257676788891698
31200.0,BC_brenta_vecchio_2,389.69006823369864,0.9999999999999999,2.0910853000050813,389.213933362032,389.1159973144531,4.3917919573620114,1.339438127211427
31200.0,BC_brenta_vecchio_3,386.1209160398837,0.49999999999999994,0.19976184467869448,385.99560546875,385.99560546875,1.5941340213473738,0.19863512317933374
31200.0,BC_caldonazzo,448.27420975983733,1.0,20.6651359228221,446.4002623213165,446.2763977050781,11.027596344502863,31.255323581154073
31200.0,BC_centa,443.3886068414653,3.999999999999999,5.197121485132504,443.1876640319937,442.60003662109375,25.863684790706607,6.667471422629757
31200.0,BC_levico,440.67138152595714,1.0,2.8164960881238987,440.2900557133215,440.2107238769531,7.38606198373229,4.325889798517972
31200.0,BC_valle,366.82074751377985,-11.029409089442487,5.839904737827763,366.43041665971487,365.88568115234375,14.961422283195647,10.142137175795616
31200.0,link_borgo_monte,381.6840655571891,3.300275151647514,1.8244947379058472,381.3572886258648,381.3037109375,5.583303357772515,2.670918392120975
31200.0,link_borgo_valle,381.4824043593254,3.300275151647514,4.3264445347155425,380.64148218448184,380.5992126464844,5.1448810176998006,8.236090128838242
32400.0,BC_brenta_1,436.2872167522253,1.4999999999999998,1.6419666216439006,435.30853271484375,435.30853271484375,1.6777290309515922,1.6418732958680988
32400.0,BC_brenta_2,424.811445528721,0.5,0.5307492098165986,424.1551208496094,424.1551208496094,0.8086686768125422,0.26326291771130755
32400.0,BC_brenta_vecchio_1,403.121370173687,1.5,0.9631969368275929,402.81927490234375,402.81927490234375,3.1883879960939217,1.9257996054531439
32400.0,BC_brenta_vecchio_2,389.69006020622624,0.9999999999999999,2.091050045016462,389.213933362032,389.1159973144531,4.3917919573620114,1.3394166777898033
32400.0,BC_brenta_vecchio_3,386.1209160238893,0.49999999999999994,0.199761819181519,385.99560546875,385.99560546875,1.5941340213473738,0.1986350978259706
32400.0,BC_caldonazzo,448.27421161671555,1.0,20.665156399725774,446.4002623213165,446.2763977050781,11.027596344502863,31.255354336836575
32400.0,BC_centa,443.3886054206582,3.999999999999999,5.197084737826385,443.1876640319937,442.60003662109375,25.863684790706607,6.667430049861809
32400.0,BC_levico,440.6713869346643,1.0,2.816536037170461,440.2900557133215,440.2107238769531,7.38606198373229,4.325956564650379
32400.0,BC_valle,366.8207269716414,-11.028288913434926,5.839597398219561,366.43041665971487,365.88568115234375,14.961422283195647,10.141625750743524
32400.0,link_borgo_monte,381.6840609523336,3.300219101523747,1.8244690276006068,381.3572886258648,381.3037109375,5.583303357772515,2.6708807542337802
32400.0,link_borgo_valle,381.4827780803365,3.300219101523747,4.3283672848514705,380.64148218448184,380.5992126464844,5.1448810176998006,8.239744367005438
33600.0,BC_brenta_1,436.2864644886397,1.4999999999999998,1.6407045271873464,435.30853271484375,435.30853271484375,1.6777290309515922,1.640611273146221
33600.0,BC_brenta_2,424.81200325856264,0.5,0.5312002284696724,424.1551208496094,424.1551208496094,0.8086686768125422,0.2634866325739099
33600.0,BC_brenta_vecchio_1,403.12136855726095,1.5,0.9631917830343233,402.81927490234375,402.81927490234375,3.1883879960939217,1.925789301046365
33600.0,BC_brenta_vecchio_2,389.6900629029729,0.9999999999999999,2.0910618885667427,389.213933362032,389.1159973144531,4.3917919573620114,1.3394262563799284
33600.0,BC_brenta_vecchio_3,386.12091598882273,0.49999999999999994,0.19976176328067263,385.99560546875,385.99560546875,1.5941340213473738,0.1986350422404231
33600.0,BC_caldonazzo,448.27419704289,1.0,20.664995685460447,446.4002623213165,446.2763977050781,11.027596344502863,31.255112185264363
33600.0,BC_centa,443.3886047415257,3.999999999999999,5.197067172958451,443.1876640319937,442.60003662109375,25.863684790706607,6.667408180542774
33600.0,BC_levico,440.6713864485563,1.0,2.816532446746418,440.2900557133215,440.2107238769531,7.38606198373229,4.325949295767634
33600.0,BC_valle,366.82076925459626,-11.029575731362405,5.840230011362008,366.43041665971487,365.88568115234375,14.961422283195647,10.142618690965024
33600.0,link_borgo_monte,381.6840209038158,3.2995706649464407,1.8242454245765942,381.3572886258648,381.3037109375,5.583303357772515,2.670553416797852
33600.0,link_borgo_valle,381.4824188197309,3.2995706649464402,4.32651893178132,380.64148218448184,380.5992126464844,5.1448810176998006,8.236231151595796
34800.0,BC_brenta_1,436.2871741055478,1.4999999999999998,1.6418950720750574,435.30853271484375,435.30853271484375,1.6777290309515922,1.6418017503659759
34800.0,BC_brenta_2,424.81144865024953,0.5,0.5307517340989609,424.1551208496094,424.1551208496094,0.8086686768125422,0.2632641698091488
34800.0,BC_brenta_vecchio_1,403.12136498709657,1.5,0.9631803999650668,402.81927490234375,402.81927490234375,3.1883879960939217,1.9257665419309185
34800.0,BC_brenta_vecchio_2,389.6900441674253,0.9999999999999999,2.09097960593959,389.213933362032,389.1159973144531,4.3917919573620114,1.339378339870758
34800.0,BC_brenta_vecchio_3,386.1209160490422,0.49999999999999994,0.19976185927856766,385.99560546875,385.99560546875,1.5941340213473738,0.19863513769685892
34800.0,BC_caldonazzo,448.27418426327137,1.0,20.664854756984617,446.4002623213165,446.2763977050781,11.027596344502863,31.254899882948713
34800.0,BC_centa,443.3886047156756,3.999999999999999,5.197066504380007,443.1876640319937,442.60003662109375,25.863684790706607,6.667407786128412
34800.0,BC_levico,440.6713914484885,1.0,2.816569376555792,440.2900557133215,440.2107238769531,7.38606198373229,4.326008947169655
34800.0,BC_valle,366.8207891220266,-11.0307934087837,5.840527256376819,366.43041665971487,365.88568115234375,14.961422283195647,10.143129096528291
34800.0,link_borgo_monte,381.68384671992436,3.296557568969761,1.823272903070669,381.3572886258648,381.3037109375,5.583303357772515,2.6691297209532205
34800.0,link_borgo_valle,381.4825755622715,3.2965575689697597,4.327325353503159,380.64148218448184,380.5992126464844,5.1448810176998006,8.237765697104331
36000.0,BC_brenta_1,436.2874094437861,1.4999999999999998,1.6422899058694949,435.30853271484375,435.30853271484375,1.6777290309515922,1.642196561718928
36000.0,BC_brenta_2,424.8114876337705,0.5,0.530783258851255,424.1551208496094,424.1551208496094,0.8086686768125422,0.2632798067580421
36000.0,BC_brenta_vecchio_1,403.12136981763473,1.5,0.9631958015947686,402.81927490234375,402.81927490234375,3.1883879960939217,1.9257973356879052
36000.0,BC_brenta_vecchio_2,389.6899772862633,0.9999999999999999,2.090685877790252,389.213933362032,389.1159973144531,4.3917919573620114,1.3392037450561474
36000.0,BC_brenta_vecchio_3,386.12091600425845,0.49999999999999994,0.19976178788727378,385.99560546875,385.99560546875,1.5941340213473738,0.19863506670823505
36000.0,BC_caldonazzo,448.2741825344306,1.0,20.6648356920261,446.4002623213165,446.2763977050781,11.027596344502863,31.254871171712207
36000.0,BC_centa,443.38860487793477,3.999999999999999,5.197070700999841,443.1876640319937,442.60003662109375,25.863684790706607,6.667413257197726
36000.0,BC_levico,440.67139156350555,1.0,2.8165702260782637,440.2900557133215,440.2107238769531,7.38606198373229,4.326009454114711
36000.0,BC_valle,366.82075892634447,-11.029934845855184,5.840075486026059,366.43041665971487,365.88568115234375,14.961422283195647,10.142432491661888
36000.0,link_borgo_monte,381.68378991013464,3.2956478802269036,1.8229557167810537,381.3572886258648,381.3037109375,5.583303357772515,2.6686653848950996
36000.0,link_borgo_valle,381.4821591349857,3.2956478802269036,4.325182884665164,380.64148218448184,380.5992126464844,5.1448810176998006,8.233693210431525
